theta0,theta1
8498.459279095134,-0.02143812684109894
