theta0,theta1
633.1833333333334,0.0009008837853370949
